"name","start","end","party"
"Eisenhower",1953-01-20,1961-01-20,"Republican"
"Kennedy",1961-01-20,1963-11-22,"Democratic"
"Johnson",1963-11-22,1969-01-20,"Democratic"
"Nixon",1969-01-20,1974-08-09,"Republican"
"Ford",1974-08-09,1977-01-20,"Republican"
"Carter",1977-01-20,1981-01-20,"Democratic"
"Reagan",1981-01-20,1989-01-20,"Republican"
"Bush",1989-01-20,1993-01-20,"Republican"
"Clinton",1993-01-20,2001-01-20,"Democratic"
"Bush",2001-01-20,2009-01-20,"Republican"
"Obama",2009-01-20,2017-01-20,"Democratic"
